{
    "train_loss": [
        0.41345789630072455,
        0.2154614971280098,
        0.15778061360120774,
        0.1310869184157678,
        0.11237971066044909,
        0.10551320832595229,
        0.1013134667011244,
        0.09660401526306357,
        0.08759737017218555,
        0.08571760438329407,
        0.08304625267056483,
        0.08169398216104934,
        0.07560020305003438,
        0.07465705024131707,
        0.07538212520309857,
        0.07211616934144072,
        0.07137751843860107,
        0.0766480581302728,
        0.058597793065809776,
        0.056799601662770975,
        0.056505643665790556,
        0.05505796346653785,
        0.054792087987065315,
        0.054767157074064016,
        0.05613709146369781,
        0.05186986028629222,
        0.04440662244773869,
        0.04397471411579421,
        0.04350473263447306,
        0.04426013512946
    ],
    "train_acc": [
        0.8027857142857143,
        0.9091428571428571,
        0.9323571428571429,
        0.946,
        0.9535714285714286,
        0.9566428571428571,
        0.9573571428571429,
        0.9610714285714286,
        0.9663571428571428,
        0.9655714285714285,
        0.9657857142857142,
        0.9684285714285714,
        0.9694285714285714,
        0.9705714285714285,
        0.9691428571428572,
        0.9712857142857143,
        0.9718571428571429,
        0.9701428571428572,
        0.9765,
        0.9785714285714285,
        0.9779285714285715,
        0.9785,
        0.9791428571428571,
        0.9786428571428571,
        0.9779285714285715,
        0.9805714285714285,
        0.983,
        0.9834285714285714,
        0.9840714285714286,
        0.9839285714285714
    ],
    "val_loss": [
        0.2796269348462423,
        0.20429557196299236,
        0.1449069511294365,
        0.11554243961970011,
        0.12220976562301318,
        0.11416124460101128,
        0.11877116774519285,
        0.10755636390050252,
        0.10054615449905395,
        0.10803312570353349,
        0.08322072684764863,
        0.08223980961243312,
        0.0987243948529164,
        0.09080705214540163,
        0.08870788356661796,
        0.08593708412597577,
        0.09018983662625153,
        0.09667636094490686,
        0.08785721964637438,
        0.07886269620805979,
        0.08252510425200064,
        0.07748663997401793,
        0.07623838788270951,
        0.0806623239517212,
        0.0731680605908235,
        0.09161478256061673,
        0.07582087625066439,
        0.07288663603862126,
        0.07397082660595576,
        0.07322359683612982
    ],
    "val_acc": [
        0.8916666666666667,
        0.9126666666666666,
        0.938,
        0.9523333333333334,
        0.951,
        0.9553333333333334,
        0.958,
        0.9603333333333334,
        0.9626666666666667,
        0.9586666666666667,
        0.968,
        0.969,
        0.961,
        0.9623333333333334,
        0.9653333333333334,
        0.9666666666666667,
        0.9663333333333334,
        0.9623333333333334,
        0.9703333333333334,
        0.9746666666666667,
        0.972,
        0.9736666666666667,
        0.9723333333333334,
        0.9716666666666667,
        0.9746666666666667,
        0.968,
        0.9763333333333334,
        0.9743333333333334,
        0.976,
        0.9766666666666667
    ]
}