{
    "train_loss": [
        0.6886395368576049,
        0.6871925671441215,
        0.686600479875292,
        0.6868549962043762,
        0.6869617891311646,
        0.686190772329058
    ],
    "train_acc": [
        0.5603571428571429,
        0.5608571428571428,
        0.5594285714285714,
        0.5604285714285714,
        0.5614285714285714,
        0.5635714285714286
    ],
    "val_loss": [
        0.6855486858685811,
        0.6852713832855225,
        0.6842734983762105,
        0.6888226490020752,
        0.6896986339886984,
        0.684236006418864
    ],
    "val_acc": [
        0.5666666666666667,
        0.5666666666666667,
        0.5666666666666667,
        0.5666666666666667,
        0.5666666666666667,
        0.5666666666666667
    ]
}