{
    "train_loss": [
        0.4415611915588379,
        0.18067899298667908,
        0.14466458716988564,
        0.129788344571633,
        0.11507300161783185,
        0.10441138851003988,
        0.0963521127690162,
        0.0892577563630683,
        0.08688559130259922,
        0.08243066184967757,
        0.07675739971734584,
        0.08063662803598813,
        0.07651962572176542,
        0.07414669794536062,
        0.073472168624135,
        0.07397553096339106,
        0.07586591042897531,
        0.06764610283861736,
        0.05548614554280149,
        0.054388378296313544,
        0.05237146909029356,
        0.053971837474831516,
        0.04926830281170883,
        0.0407438122421237,
        0.03887363330201645,
        0.03831364177556575,
        0.038108666483046755,
        0.037297112783683195,
        0.037394042149718316,
        0.03718451975658536
    ],
    "train_acc": [
        0.7812857142857143,
        0.9247142857142857,
        0.9402142857142857,
        0.9477857142857142,
        0.9537142857142857,
        0.957,
        0.9618571428571429,
        0.9629285714285715,
        0.9647857142857142,
        0.9670714285714286,
        0.9673571428571428,
        0.9677142857142857,
        0.9689285714285715,
        0.9702142857142857,
        0.9705714285714285,
        0.9703571428571428,
        0.971,
        0.9732142857142857,
        0.9787857142857143,
        0.9766428571428571,
        0.9784285714285714,
        0.9770714285714286,
        0.9804285714285714,
        0.9842857142857143,
        0.9855,
        0.9853571428571428,
        0.9850714285714286,
        0.9858571428571429,
        0.9856428571428572,
        0.9851428571428571
    ],
    "val_loss": [
        0.2063174758752187,
        0.20081592400868734,
        0.17097753805915514,
        0.16226263459523518,
        0.12624642916520437,
        0.1002789701918761,
        0.10355423344175022,
        0.09663821913053593,
        0.08703534523646037,
        0.10130731083204349,
        0.10803276004890601,
        0.07602249890069167,
        0.07738690216094256,
        0.11178016668061415,
        0.08658830701559782,
        0.0794054052233696,
        0.08980893746515115,
        0.08306962297856808,
        0.07075170209879676,
        0.0720934309437871,
        0.06574701224515836,
        0.06393785452346007,
        0.06966109444076816,
        0.06517456329613924,
        0.06527744343876839,
        0.0632182945633928,
        0.062741644885391,
        0.06320992057522137,
        0.06385756567493081,
        0.06266133932769298
    ],
    "val_acc": [
        0.9083333333333333,
        0.9093333333333333,
        0.9313333333333333,
        0.9376666666666666,
        0.9533333333333334,
        0.9576666666666667,
        0.9606666666666667,
        0.9606666666666667,
        0.9666666666666667,
        0.96,
        0.959,
        0.969,
        0.966,
        0.955,
        0.9596666666666667,
        0.9676666666666667,
        0.966,
        0.9686666666666667,
        0.9706666666666667,
        0.973,
        0.9743333333333334,
        0.975,
        0.9746666666666667,
        0.9766666666666667,
        0.9776666666666667,
        0.9776666666666667,
        0.978,
        0.9776666666666667,
        0.9793333333333333,
        0.978
    ]
}