{
    "train_loss": [
        0.6149771213531494,
        0.41270665526390077,
        0.2588294214010239,
        0.19523075580596924,
        0.17418673068284987,
        0.13069248780608178,
        0.12768715709447861,
        0.12164576292037964,
        0.11109151735901833,
        0.09910000681877136,
        0.1018825525790453,
        0.08512733414769173,
        0.08703208103775978,
        0.08853487223386765,
        0.08500954777002334
    ],
    "train_acc": [
        0.6225,
        0.835,
        0.91625,
        0.94625,
        0.95875,
        0.965,
        0.96625,
        0.97125,
        0.97,
        0.97875,
        0.9775,
        0.98375,
        0.9875,
        0.98375,
        0.98
    ],
    "val_loss": [
        0.5171878373622895,
        0.3685129940509796,
        0.32359101295471193,
        0.3236436092853546,
        0.34553719878196715,
        0.3735291013121605,
        0.3853345090150833,
        0.4291888928413391,
        0.44423242658376694,
        0.46982390284538267,
        0.4842901793122292,
        0.4898536577820778,
        0.5134192624688149,
        0.5264932116866112,
        0.5370573386549949
    ],
    "val_acc": [
        0.765,
        0.845,
        0.865,
        0.87,
        0.875,
        0.87,
        0.875,
        0.875,
        0.87,
        0.87,
        0.875,
        0.87,
        0.87,
        0.865,
        0.87
    ]
}