{
    "epoch": 2.0,
    "eval_loss": 0.6072970032691956,
    "eval_runtime": 18.2166,
    "eval_samples_per_second": 7.74,
    "eval_steps_per_second": 7.74,
    "total_flos": 2.719178004135936e+16,
    "train_loss": 0.6501220107078552,
    "train_runtime": 1107.3723,
    "train_samples_per_second": 2.292,
    "train_steps_per_second": 0.144
}